streves0@unicef.org,Stormy,Treves,Female,0FjeTmeZjH
fbartrap1@hugedomains.com,Fonsie,Bartrap,Male,AIHiXVaT
lfischer2@google.de,Lezley,Fischer,Male,0Qj2eHXgOGGx
ebartel3@reddit.com,Esta,Bartel,Female,GGKoc9
tlittell4@mtv.com,Thatch,Littell,Male,2WfqAzZwN
oespinel5@photobucket.com,Ora,Espinel,Female,49LUJdD2n
lhortop6@issuu.com,Lisa,Hortop,Female,Ee7QAK
syushkov7@sciencedaily.com,Syman,Yushkov,Male,GkIq8BF
zcosh8@51.la,Zeke,Cosh,Male,VscQ7cyKz
lwestmarland9@dmoz.org,Lola,Westmarland,Female,yEvuESw5di
cdockseya@miitbeian.gov.cn,Cass,Docksey,Female,MwI4at5
lgarritb@rambler.ru,Leopold,Garrit,Male,AF7jbiQgal7j
dhobbenc@senate.gov,Doloritas,Hobben,Female,mfbAcE8
sgeanyd@geocities.jp,Skipp,Geany,Male,b3RhTy4Ie
bmccolle@arizona.edu,Brendis,McColl,Male,jD1MiXWkMfKe
shurdidgef@deliciousdays.com,Stephine,Hurdidge,Female,whbvU3l
denricg@blogger.com,Deeann,Enric,Female,1lNaTmp2OYC
srehmeh@g.co,Sigismond,Rehme,Male,QURbDxyx187y
ecouchai@lycos.com,Evie,Coucha,Female,9Pv3XMG6d
tfoldsj@deliciousdays.com,Theresa,Folds,Female,iIZQo2
mwollersk@fotki.com,Marylynne,Wollers,Female,0QbAXVPSy
fsantoril@yahoo.com,Findley,Santori,Male,SD0B5DppSV
wwoodcockm@g.co,Waylon,Woodcock,Male,Bz7y9k5fom
hplaiden@fc2.com,Hermine,Plaide,Female,K45ezi
oingallo@webnode.com,Oswell,Ingall,Male,nKVfvA5qy
eberkelayp@nhs.uk,Eveline,Berkelay,Female,1pV9naXe
gbroughtonq@twitpic.com,Gallard,Broughton,Male,2BJ85CC
kstickneyr@home.pl,Kacy,Stickney,Female,RfQ09qtF
mbrahamss@squidoo.com,Mirabelle,Brahams,Female,RkuWjS
pstanwayt@1und1.de,Pavia,Stanway,Female,i4LQLWk6LkiM
zpoulsonu@virginia.edu,Zach,Poulson,Male,kvXxqi09NT34
fnajarav@discuz.net,Felice,Najara,Male,iEdezgr3MXzx
wblissw@gmpg.org,Wilmette,Bliss,Female,FOjPKHpCV7NL
ryeabsleyx@pcworld.com,Ricardo,Yeabsley,Male,7JHqY90
mgibbey@dailymail.co.uk,Matilde,Gibbe,Female,WqXRFI8v
wwyldborez@tumblr.com,Woodrow,Wyldbore,Male,xuRBUsx
ikingscott10@hibu.com,Ikey,Kingscott,Male,DIC2yzyAOf
dtolland11@sohu.com,Dieter,Tolland,Male,dqKsDQ9m
pbanbrook12@wordpress.com,Pail,Banbrook,Male,tFZH5Y5Qjm4
lspellecy13@sun.com,Larina,Spellecy,Female,DtCiP3Q
gwint14@skype.com,Gayle,Wint,Male,NG5D8p
cblockey15@edublogs.org,Carver,Blockey,Male,BBY98H
vhuge16@shareasale.com,Vida,Huge,Female,QNAIpl
ostebbin17@printfriendly.com,Oren,Stebbin,Male,uU8UNU
rasif18@domainmarket.com,Rutledge,Asif,Male,FoP9pZIhXwD
jgawler19@bravesites.com,Janette,Gawler,Female,o25xZpdlp
btydeman1a@wikia.com,Brittni,Tydeman,Female,pud3SuCRMNQ0
nbellingham1b@spiegel.de,Nonnah,Bellingham,Female,7zeTcFw8UZf
cyonnie1c@trellian.com,Chev,Yonnie,Male,wij6NO
flamkin1d@bizjournals.com,Frieda,Lamkin,Female,RQOMxNf
cgilardone1e@parallels.com,Candie,Gilardone,Female,0hBGLG
cprescot1f@imdb.com,Claire,Prescot,Male,hsC2K8YD
hbraid1g@globo.com,Hedi,Braid,Female,PXsfsH7xIBc
gmacconneely1h@aol.com,Giorgio,MacConneely,Male,TWS8WC
ageorgiev1i@google.co.uk,Andrey,Georgiev,Male,cY9W2Pabr
sskacel1j@topsy.com,Sebastian,Skacel,Male,en29X1rXFNJq
igherardi1k@businessinsider.com,Irwin,Gherardi,Male,pjKnFy8SJVPH
dwestbrook1l@whitehouse.gov,Deane,Westbrook,Female,TDuqkPqyE
acathro1m@jalbum.net,Alon,Cathro,Male,rW61GP
wlittledike1n@quantcast.com,Wernher,Littledike,Male,1dC7Fi
jbaudains1o@usa.gov,Jori,Baudains,Female,CwdbxGhG
yfarrand1p@pen.io,Yalonda,Farrand,Female,hJyqm2sLT
dseally1q@mozilla.com,Diannne,Seally,Female,nYfRD5ofe
tleinthall1r@eepurl.com,Teodoro,Leinthall,Male,oqFt9DWQ0
dlieb1s@github.io,Delano,Lieb,Male,kyC0MLkqe
jburmingham1t@vkontakte.ru,Jacky,Burmingham,Male,UO7cNcWPtjwl
gtaillant1u@google.es,Gus,Taillant,Male,FwP0lOOdip
pmacanelley1v@who.int,Pauly,MacAnelley,Male,n6aqXWV1XU
snijs1w@twitpic.com,Sergio,Nijs,Male,bOFl8ypewx
gtwyning1x@163.com,Giuditta,Twyning,Female,VjGppiEZuEt
dbeceril1y@ucsd.edu,Duff,Beceril,Male,LPmwNN
lmagner1z@about.com,Laurena,Magner,Female,SdMzBM0KwGK1
rgriffey20@cbc.ca,Raimund,Griffey,Male,Diwwz4U91
ssunners21@tuttocitta.it,Stephanus,Sunners,Male,ImqBGMfs1lp
msouthorn22@mlb.com,Marti,Southorn,Female,EJRaS30avZ8
molivello23@weibo.com,Manya,Olivello,Female,arYldUfggot
wcarlsen24@homestead.com,Walker,Carlsen,Male,ybJdbHWkgpj
lmeriel25@domainmarket.com,Leshia,Meriel,Female,yncB2rll
mhulbert26@epa.gov,Missie,Hulbert,Female,IR530t
ptackle27@squidoo.com,Pattin,Tackle,Male,MIObgO
estegers28@tuttocitta.it,Edik,Stegers,Male,JGZm6gtSmyh
nasty29@tamu.edu,Nerte,Asty,Female,Mzw5pymuj5
wbearham2a@yellowbook.com,Willi,Bearham,Male,BCui62
gghidelli2b@usgs.gov,Garrick,Ghidelli,Male,PqSw9LJ
rmenere2c@diigo.com,Raynard,Menere,Male,q7j52t7qkjFa
equinet2d@qq.com,Elyse,Quinet,Female,j1wVL6tD6
mcordero2e@ft.com,Maurizia,Cordero,Female,GqK3Mffa0f
bbeedie2f@examiner.com,Belva,Beedie,Female,O6WydhRWh
relsworth2g@nhs.uk,Ree,Elsworth,Female,FQ9byJ3vo
cbeacock2h@sitemeter.com,Catherina,Beacock,Female,cFP1HfKG
ckoene2i@live.com,Cynthia,Koene,Female,lCd1PVTOnQ
jrehm2j@epa.gov,Jarad,Rehm,Male,dDg6iw
ccahan2k@sogou.com,Claudian,Cahan,Male,JHcz5dCZ8mMa
bmcowis2l@twitpic.com,Brandais,M'cowis,Female,ZYWWDQMG7
sblondell2m@ycombinator.com,Sofia,Blondell,Female,UNnCIVBJKYh
jmacallester2n@oracle.com,Jordan,MacAllester,Female,ZOy8jFrLudE
spreshaw2o@thetimes.co.uk,Sancho,Preshaw,Male,C5QyjnRct
ncrickett2p@vinaora.com,Niven,Crickett,Male,pFmxVgKR
ahaugen2q@sitemeter.com,Artur,Haugen,Male,k0j01L0a6Qfg
mthomelin2r@go.com,Melinda,Thomelin,Female,Zw1iz3
jvogelein2s@slate.com,Joseph,Vogelein,Male,QtX2Xud
amucci2t@google.pl,Audre,Mucci,Female,2hVxeeCUkGvu
mfeaviour2u@latimes.com,Michale,Feaviour,Male,DQZrsEGb
tsellick2v@amazon.de,Tera,Sellick,Female,fHkZgYVwd
mbelford2w@smh.com.au,Maryl,Belford,Female,0tdyPXztwiip
dmicah2x@opensource.org,Dulcy,Micah,Female,lZJN6OlS7OC
sgodsmark2y@comcast.net,Shannah,Godsmark,Female,IHzN6XX
flaborde2z@psu.edu,Freddi,Laborde,Female,P2ybrEMhcpD
cjakubovsky30@fotki.com,Caldwell,Jakubovsky,Male,9mXMoh3B
bcrewther31@ocn.ne.jp,Baudoin,Crewther,Male,CQyA8SgbOB
fmcpeake32@163.com,Felic,McPeake,Male,J8GezZCCPRn
bcourtney33@usda.gov,Bert,Courtney,Female,TRR98jPTAxn
elafrentz34@forbes.com,Ernestus,Lafrentz,Male,aUj1gNMZjx
rpipkin35@google.cn,Roderic,Pipkin,Male,tJ6CKixCIcD
hchaunce36@joomla.org,Hugh,Chaunce,Male,bDBo2cx
apersian37@ow.ly,Addie,Persian,Female,u5KEqb
efolds38@tripadvisor.com,Eleonore,Folds,Female,0VtSwNLVI6Q
choodlass39@ucla.edu,Clea,Hoodlass,Female,sGg8DKDqUZ
czielinski3a@mapy.cz,Charline,Zielinski,Female,vDdKx1YIC5
lswitland3b@posterous.com,Lorilyn,Switland,Female,8UbnUajut
cgreetham3c@unc.edu,Curt,Greetham,Male,MlxDRr4O
pmcnicol3d@multiply.com,Page,McNicol,Female,MyeZm85
mcoll3e@flickr.com,Madlin,Coll,Female,vyt58gn
dplesing3f@chicagotribune.com,Danielle,Plesing,Female,GYXYhB6Ptt
agault3g@cnn.com,Allison,Gault,Female,JoC9LL
tneary3h@soundcloud.com,Tremaine,Neary,Male,yoO4Cc8AN
tcullagh3i@google.ru,Tarra,Cullagh,Female,dZ8CXf
ncappleman3j@un.org,Natividad,Cappleman,Female,mBVzTSguu
smonsey3k@tripadvisor.com,Sigismundo,Monsey,Male,8J9hFAkJet1X
cmcmenemy3l@yahoo.co.jp,Cammy,McMenemy,Male,nOoYzhJnM
lbowlas3m@unesco.org,Lanna,Bowlas,Female,FVk99kmfK
jjoubert3n@exblog.jp,Jeniffer,Joubert,Female,k4venRx52S
vmiddell3o@marketwatch.com,Vincenz,Middell,Male,2My07QGRy
kkrug3p@naver.com,Kirsteni,Krug,Female,kxbZed
dmacneilley3q@bravesites.com,Deane,MacNeilley,Female,34iu02G6xRu
gmaccari3r@msu.edu,Garrett,Maccari,Male,RvFtystbweZY
apigney3s@sitemeter.com,Abby,Pigney,Male,8o0QR1z
sfarndon3t@foxnews.com,Sheffield,Farndon,Male,xQ16qwWrD5O
gmcpike3u@t.co,Giffie,McPike,Male,5arfiSI
cboulger3v@wp.com,Cathryn,Boulger,Female,H69xp2sLIS
lfishbourne3w@pbs.org,Lynnett,Fishbourne,Female,MI29tS1i
afutter3x@istockphoto.com,Amalea,Futter,Female,DNcouqW8x3
hcuffin3y@forbes.com,Hermann,Cuffin,Male,1ObkQfnP
amcgaraghan3z@examiner.com,Ardys,McGaraghan,Female,OfjQUDgpso
ecolleford40@spotify.com,Edlin,Colleford,Male,Tfo0DXaTM
awhitty41@go.com,Adriano,Whitty,Male,DCqtORjGRq
rpinson42@canalblog.com,Rosalinda,Pinson,Female,TScjXNUWD
jbarde43@ihg.com,Jeannette,Barde,Female,6uQIDNZv0Ac
apeaple44@wikimedia.org,Adella,Peaple,Female,sMBAWvhL
fbenedettini45@webmd.com,Franky,Benedettini,Male,WGGjX9PTlkm
dsanti46@cloudflare.com,Daphne,Santi,Female,9Xscxg
jtownend47@example.com,Janifer,Townend,Female,97c8vtGbF
bjozwiak48@vistaprint.com,Bell,Jozwiak,Female,lkdJcn66r
hkurton49@1688.com,Helge,Kurton,Female,EFNQaT
cpitcher4a@exblog.jp,Carly,Pitcher,Male,BXGNr6fqPPw7
rbream4b@marriott.com,Rawley,Bream,Male,GNNVPcP
eabbey4c@shareasale.com,Engelbert,Abbey,Male,CCEvK7jxU
vocrevan4d@linkedin.com,Valery,O'Crevan,Female,CRLMnuJ49M
abangham4e@linkedin.com,Augusta,Bangham,Female,kHCnuc22iVhk
fderill4f@ox.ac.uk,Field,Derill,Male,dGdJZya
egillanders4g@google.fr,Ezra,Gillanders,Male,fjMIwZXR
hmckague4h@spiegel.de,Horace,McKague,Male,jga8RAY
awilflinger4i@usatoday.com,Austin,Wilflinger,Female,5pIY5j5i5
drowlett4j@webs.com,Desiri,Rowlett,Female,z2fKsYHBUj
fsaberton4k@google.com.au,Franz,Saberton,Male,QLiS6Eqa2
asherland4l@woothemes.com,Afton,Sherland,Female,2bN8G5LYyajq
mdmitrovic4m@whitehouse.gov,Marguerite,Dmitrovic,Female,sxgsXGovU
lpohl4n@mapy.cz,Ladonna,Pohl,Female,vQbcG3kt
adebiasi4o@exblog.jp,Alexine,De Biasi,Female,TjqtmVSmHD
sdowngate4p@irs.gov,Shelia,Downgate,Female,x2FpauuWsPC
pmenloe4q@prnewswire.com,Pippo,Menloe,Male,ku0bmEX
astearn4r@themeforest.net,Aleksandr,Stearn,Male,tTBmUxzv
rmctrustam4s@barnesandnoble.com,Rubia,McTrustam,Female,L6ygspRI53
cferraretto4t@weebly.com,Chelsy,Ferraretto,Female,hbTW1Y
dterrington4u@cornell.edu,Drusi,Terrington,Female,Ccrvs3Nfy
mrushmare4v@paypal.com,Mycah,Rushmare,Male,aGXt2mVu0S
hscollan4w@ustream.tv,Hildagarde,Scollan,Female,mLkdB4
lpeatman4x@tinyurl.com,Luci,Peatman,Female,G77ERkalu
eadkins4y@canalblog.com,Elisabetta,Adkins,Female,D7uhVY6xca
jingliss4z@bbc.co.uk,Joye,Ingliss,Female,nxsQ4dq
hputton50@about.com,Hazel,Putton,Male,ncgvudnorV3
kcrew51@sciencedaily.com,Karel,Crew,Female,7sfJqrkDsJ
dcleft52@webmd.com,Dollie,Cleft,Female,4KTa3rTGCOs
cpincked53@gov.uk,Coop,Pincked,Male,RVCcOoTzveTQ
kmattersey54@booking.com,Kim,Mattersey,Male,86Zbe6MQc
tboich55@loc.gov,Trista,Boich,Female,LyReAQTF1jq
gmuehler56@cbslocal.com,Geoff,Muehler,Male,pzjBq6Or1
landries57@webmd.com,Lisette,Andries,Female,Hd4uWU
rrawsthorne58@hostgator.com,Rodd,Rawsthorne,Male,nixDV9NvUs
nhinrich59@uiuc.edu,Neal,Hinrich,Male,myEKLBnroXH
jspohrmann5a@edublogs.org,Jemima,Spohrmann,Female,oVPOXVF
pstate5b@reddit.com,Pietrek,State,Male,lJC9X7X
lshernock5c@drupal.org,Lou,Shernock,Female,ALnEOXMZf06j
slittrik5d@cdbaby.com,Shurlock,Littrik,Male,ri0HDL
bstarkey5e@dyndns.org,Barde,Starkey,Male,a5zNfx
ewestgarth5f@bing.com,Erie,Westgarth,Male,dGOqrUt
joselton5g@sourceforge.net,Jenni,Oselton,Female,TGq7SpBugm85
anewberry5h@state.tx.us,Aurea,Newberry,Female,Oi0XT0Szhh1
zmoxley5i@elpais.com,Zorana,Moxley,Female,xFR450Dxh
mstuehmeyer5j@sciencedaily.com,Menard,Stuehmeyer,Male,gprGHKqe
